{
  "comment": "cross_dock_data in train and in val",
  "parameters": {
    "learning_rate": 0.015863773763983888,
    "max_depth": 7,
    "min_child_weight": 6,
    "gamma": 3.1210903478280274,
    "subsample": 0.7824490472626737,
    "colsample_bytree": 0.9814671630409287
  },
  "train": [
    0.3643128498131164,
    0.4991833640764744,
    0.6065169878503267,
    0.6650163650390352,
    0.7103569239372831,
    0.7410047772774905,
    0.7645173717703957,
    0.7834182906337132,
    0.7995390903629236,
    0.8159246028881478,
    0.8246701510442681
  ],
  "valid": [
    0.2762091503267974,
    0.3198910675381263,
    0.3534204793028322,
    0.3664488017429194,
    0.3697167755991286,
    0.403202614379085,
    0.4267320261437909,
    0.43751633986928107,
    0.44111111111111106,
    0.46775599128540307,
    0.49782135076252726
  ]
}