{
  "comment": "the best model for cross-data in train and val",
  "parameters": {
    "learning_rate": 0.015863773763983888,
    "max_depth": 7,
    "min_child_weight": 6,
    "gamma": 3.1210903478280274,
    "subsample": 0.7824490472626737,
    "colsample_bytree": 0.9814671630409287
  },
  "train": [
    0.3643128498131164,
    0.4991833640764744,
    0.6065169878503267,
    0.6650163650390352,
    0.7103569239372831,
    0.7410047772774905,
    0.7645173717703957,
    0.7834182906337132,
    0.7995390903629236,
    0.8159246028881478,
    0.8246701510442681,
    0.8337666895878499,
    0.8421779572735724,
    0.8505401354588683,
    0.8570085609686895,
    0.8626539315621946,
    0.8686814490572429,
    0.8734212336162388,
    0.876056198709966,
    0.880060690201609,
    0.882131402059857
  ],
  "valid": [
    0.2762091503267974,
    0.3198910675381263,
    0.3534204793028322,
    0.3664488017429194,
    0.3697167755991286,
    0.403202614379085,
    0.4267320261437909,
    0.43751633986928107,
    0.44111111111111106,
    0.46775599128540307,
    0.49782135076252726,
    0.48344226579520694,
    0.47952069716775597,
    0.461437908496732,
    0.43594771241830066,
    0.4212418300653595,
    0.43692810457516335,
    0.4516339869281045,
    0.4225490196078432,
    0.43431372549019615,
    0.4454248366013072
  ]
}