{"learning_rate": 0.015395162464539492, "max_depth": 5, "min_child_weight": 6, "gamma": 4.029892791683757, "subsample": 0.6158191917269131, "colsample_bytree": 0.7027681974137188}