{"learning_rate": 0.015863773763983888, "max_depth": 7, "min_child_weight": 6, "gamma": 3.1210903478280274, "subsample": 0.7824490472626737, "colsample_bytree": 0.9814671630409287}