{"learning_rate": 0.029653222076113497, "max_depth": 6, "min_child_weight": 3, "gamma": 4.698508436610168, "subsample": 0.7356696417795539, "colsample_bytree": 0.6816694414116675}