{"learning_rate": 0.052096272714781934, "max_depth": 5, "min_child_weight": 2, "gamma": 0.3439277369156388, "subsample": 0.7811201204353542, "colsample_bytree": 0.7195234061474863}